country,state,city
Argentina,Corrientes,Bella Vista
Argentina,Corrientes,San Antonio de itati
Argentina,Corrientes,Corrientes
Argentina,Corrientes,Concepcion
Argentina,Corrientes,Curuzu Cuatia
Argentina,Corrientes,Empedrado
Argentina,Corrientes,Esquina
Argentina,Corrientes,Alvear
Argentina,Corrientes,Nuestra Senora del Rosario de Caa Cati
Argentina,Corrientes,Goya
Argentina,Corrientes,Itati
Argentina,Corrientes,Ituzaingo
Argentina,Corrientes,Santa Lucia
Argentina,Corrientes,Mburucuyá
Argentina,Corrientes,Mercedes
Argentina,Corrientes,Monte Caseros
Argentina,Corrientes,Paso de los Libres
Argentina,Corrientes,Saladas
Argentina,Corrientes,San Cosme
Argentina,Corrientes,San Luis del Palmar
Argentina,Corrientes,La Cruz
Argentina,Corrientes,San Miguel
Argentina,Corrientes,San Roque
Argentina,Corrientes,Santo Tome
Argentina,Corrientes,Sauce
